{"lcf4p": 56.36363636363637, "lg4p": 80, "lpc4p": 6.1178681612717725}